City_ID,City,Lat,Lng,Max Temp,Humidity,Cloudiness,Wind Speed,Country,Date
0,Ushuaia,-54.8,-68.3,38.86,93,100,2.3,AR,2022-04-02 17:27:09
1,Hasaki,35.7333,140.8333,46.8,56,100,8.59,JP,2022-04-02 17:27:10
2,Marawi,7.9986,124.2928,68.5,96,100,0.74,PH,2022-04-02 17:27:10
3,Kaitangata,-46.2817,169.8464,48.69,94,25,6.2,NZ,2022-04-02 17:27:11
4,Punta Arenas,-53.15,-70.9167,44.62,93,100,13.8,CL,2022-04-02 17:27:09
5,Narsaq,60.9167,-46.05,41.22,81,100,3.76,GL,2022-04-02 17:25:59
6,Galbshtadt,53.2264,78.9845,33.21,100,100,5.41,RU,2022-04-02 17:27:12
7,Castro,-24.7911,-50.0119,65.3,81,100,8.37,BR,2022-04-02 17:25:56
8,Sakakah,29.9697,40.2064,87.37,11,100,9.08,SA,2022-04-02 17:27:12
9,Vaini,-21.2,-175.2,79.79,75,76,5.53,TO,2022-04-02 17:27:13
10,Fredericton,45.9454,-66.6656,39.36,67,100,21.85,CA,2022-04-02 17:23:07
11,Rikitea,-23.1203,-134.9692,74.17,57,48,8.19,PF,2022-04-02 17:24:28
12,Airai,-8.9266,125.4092,57.52,83,19,1.39,TL,2022-04-02 17:27:13
13,Cape Town,-33.9258,18.4232,68.27,62,20,17.27,ZA,2022-04-02 17:25:46
14,Jackson,42.4165,-122.8345,54.16,59,0,3.44,US,2022-04-02 17:27:14
15,Tsiroanomandidy,-18.7667,46.0333,69.75,76,85,1.88,MG,2022-04-02 17:27:14
16,Bairiki,1.3292,172.9752,80.6,89,20,4.61,KI,2022-04-02 17:27:15
17,Cherskiy,68.75,161.3,-15.34,100,99,1.05,RU,2022-04-02 17:27:15
18,Taltal,-25.4,-70.4833,67.57,68,0,6.85,CL,2022-04-02 17:27:16
19,Cuenca,-2.8833,-78.9833,66.33,72,75,8.05,EC,2022-04-02 17:27:16
20,Kristiinankaupunki,62.2743,21.376,34.14,80,92,13.67,FI,2022-04-02 17:27:17
21,Axim,4.8699,-2.2405,83.86,73,98,9.28,GH,2022-04-02 17:27:17
22,Show Low,34.2542,-110.0298,62.08,31,0,12.66,US,2022-04-02 17:22:18
23,Ahipara,-35.1667,173.1667,62.58,91,88,2.26,NZ,2022-04-02 17:23:09
24,Dikson,73.5069,80.5464,-5.46,100,95,7.52,RU,2022-04-02 17:27:18
25,Carnarvon,-24.8667,113.6333,77.07,88,75,5.75,AU,2022-04-02 17:27:18
26,Guarapari,-20.6667,-40.4975,84.88,67,20,7.07,BR,2022-04-02 17:27:19
27,Mataura,-46.1927,168.8643,46.13,98,68,2.35,NZ,2022-04-02 17:27:19
28,Berlevag,70.8578,29.0864,22.8,93,100,16.87,NO,2022-04-02 17:27:19
29,Tucumcari,35.1717,-103.725,62.44,34,0,13.8,US,2022-04-02 17:27:20
30,Jamestown,42.097,-79.2353,44.02,45,0,6.91,US,2022-04-02 17:22:22
31,Butaritari,3.0707,172.7902,81.39,75,42,14.9,KI,2022-04-02 17:27:20
32,Los Llanos De Aridane,28.6585,-17.9182,62.35,82,75,8.01,ES,2022-04-02 17:27:21
33,Urengoy,65.9667,78.3667,-2.45,100,50,5.66,RU,2022-04-02 17:27:21
34,Sola,-13.8833,167.55,79.11,80,100,8.41,VU,2022-04-02 17:24:45
35,Karlshamn,56.1706,14.8619,39.69,50,97,6.04,SE,2022-04-02 17:27:22
36,Lugus,5.7036,120.8203,80.58,81,100,8.88,PH,2022-04-02 17:27:22
37,Atuona,-9.8,-139.0333,78.67,75,6,15.12,PF,2022-04-02 17:27:23
38,Bluff,-46.6,168.3333,57.4,72,67,17.67,NZ,2022-04-02 17:27:23
39,Ouesso,1.6136,16.0517,78.84,71,80,0.69,CG,2022-04-02 17:27:23
40,Pitimbu,-7.4706,-34.8086,88.39,65,31,12.59,BR,2022-04-02 17:27:24
41,San Patricio,28.017,-97.5169,81.18,62,90,8.1,US,2022-04-02 17:27:24
42,Hermanus,-34.4187,19.2345,62.8,70,93,18.01,ZA,2022-04-02 17:27:25
43,Opuwo,-18.0607,13.84,70.25,79,100,2.66,NA,2022-04-02 17:27:25
44,Puerto Ayora,-0.7393,-90.3518,85.96,90,31,5.99,EC,2022-04-02 17:27:25
45,Kapaa,22.0752,-159.319,72.48,95,75,19.57,US,2022-04-02 17:27:26
46,Avarua,-21.2078,-159.775,73.45,94,85,2.3,CK,2022-04-02 17:28:26
47,Srednekolymsk,67.45,153.6833,-8.41,99,100,4.09,RU,2022-04-02 17:28:27
48,Barrow,71.2906,-156.7887,-11.18,77,0,13.8,US,2022-04-02 17:28:27
49,San Cristobal,7.7669,-72.225,78.98,45,40,8.48,VE,2022-04-02 17:28:27
50,Qaanaaq,77.484,-69.3632,15.33,85,91,3.8,GL,2022-04-02 17:28:28
51,Hithadhoo,-0.6,73.0833,83.32,68,16,4.47,MV,2022-04-02 17:28:28
52,Dicabisagan,17.0818,122.4157,76.57,83,100,3.27,PH,2022-04-02 17:28:29
53,Ruidoso,33.3317,-105.673,64.87,21,0,3.44,US,2022-04-02 17:28:29
54,Qaqortoq,60.7167,-46.0333,38.48,87,100,3.96,GL,2022-04-02 17:28:30
55,Bambous Virieux,-20.3428,57.7575,74.21,100,75,3.44,MU,2022-04-02 17:28:30
56,Riesa,51.3,13.3,41.04,60,100,15.97,DE,2022-04-02 17:28:30
57,Hilo,19.7297,-155.09,69.53,90,100,6.91,US,2022-04-02 17:26:54
58,Ponta Do Sol,32.6667,-17.1,63.23,76,82,7.9,PT,2022-04-02 17:28:31
59,Hinton,53.4001,-117.5857,36.39,80,100,2.13,CA,2022-04-02 17:28:31
60,Hobyo,5.3505,48.5268,81.95,71,36,13.96,SO,2022-04-02 17:28:32
61,Thompson,55.7435,-97.8558,21.36,58,40,2.3,CA,2022-04-02 17:28:32
62,Saint-Philippe,-21.3585,55.7679,75.22,97,100,21.16,RE,2022-04-02 17:28:33
63,Seddon,-37.8068,144.8916,60.21,86,100,6.91,AU,2022-04-02 17:28:33
64,Cabo San Lucas,22.8909,-109.9124,78.1,51,43,5.99,MX,2022-04-02 17:28:33
65,Provideniya,64.3833,-173.3,8.24,67,2,10.69,RU,2022-04-02 17:28:34
66,San Quintin,30.4833,-115.95,60.31,70,100,5.39,MX,2022-04-02 17:28:34
67,Nikolskoye,59.7035,30.7861,31.89,94,48,4.99,RU,2022-04-02 17:28:35
68,Bardiyah,31.7561,25.0865,66.16,54,100,7.16,LY,2022-04-02 17:28:35
69,Lompoc,34.6391,-120.4579,57.52,90,100,3.44,US,2022-04-02 17:26:00
70,Mattersburg,47.7333,16.4,33.42,93,100,11.99,AT,2022-04-02 17:28:36
71,Polunochnoye,60.8697,60.4153,11.75,95,95,0.38,RU,2022-04-02 17:28:36
72,Port Alfred,-33.5906,26.891,64.18,89,100,14.7,ZA,2022-04-02 17:28:36
73,Grand-Lahou,5.1367,-5.0242,83.55,73,100,9.93,CI,2022-04-02 17:28:37
74,Tiznit,29.5833,-9.5,68.22,54,1,9.73,MA,2022-04-02 17:25:39
75,Bambanglipuro,-7.95,110.2833,77.18,85,97,2.84,ID,2022-04-02 17:28:37
76,Tuktoyaktuk,69.4541,-133.0374,-22.0,76,40,10.36,CA,2022-04-02 17:28:38
77,Denpasar,-8.65,115.2167,80.26,88,40,3.44,ID,2022-04-02 17:25:49
78,Tukrah,32.5341,20.5791,64.74,50,100,4.79,LY,2022-04-02 17:28:38
79,Dingle,10.9995,122.6711,76.14,81,63,6.67,PH,2022-04-02 17:28:39
80,Abu Dhabi,24.4667,54.3667,80.62,52,0,6.91,AE,2022-04-02 17:27:48
81,Hobart,-42.8794,147.3294,55.26,84,100,8.05,AU,2022-04-02 17:28:39
82,Sorong,-0.8833,131.25,79.41,81,100,4.83,ID,2022-04-02 17:23:57
83,Piacabucu,-10.4056,-36.4344,84.18,63,34,9.08,BR,2022-04-02 17:28:40
84,Khatanga,71.9667,102.5,0.88,97,100,6.15,RU,2022-04-02 17:28:40
85,Pingdu,36.7844,119.9464,45.52,60,6,4.41,CN,2022-04-02 17:28:41
86,Karratha,-20.7377,116.8463,82.8,72,68,10.0,AU,2022-04-02 17:28:41
87,Albany,42.6001,-73.9662,47.57,40,4,1.99,US,2022-04-02 17:25:34
88,Coolum Beach,-26.5333,153.1,69.08,93,18,2.95,AU,2022-04-02 17:28:42
89,Port Augusta,-32.5,137.7667,60.82,54,100,6.91,AU,2022-04-02 17:28:42
90,Aklavik,68.2191,-135.0107,-18.4,76,0,2.3,CA,2022-04-02 17:27:20
91,Klaksvik,62.2266,-6.589,45.52,82,88,8.55,FO,2022-04-02 17:29:43
92,Correia Pinto,-27.5847,-50.3611,63.57,76,98,5.59,BR,2022-04-02 17:29:43
93,Saldanha,-33.0117,17.9442,68.05,67,0,24.11,ZA,2022-04-02 17:29:44
94,Calatayud,41.3535,-1.6432,47.55,44,94,21.54,ES,2022-04-02 17:29:44
95,Nata,8.3333,-80.5167,89.47,34,61,15.39,PA,2022-04-02 17:29:44
96,Kodiak,57.79,-152.4072,33.31,100,100,5.75,US,2022-04-02 17:29:45
97,New Norfolk,-42.7826,147.0587,54.9,68,72,1.39,AU,2022-04-02 17:29:45
98,Eidfjord,60.4675,7.0719,33.58,91,100,5.1,NO,2022-04-02 17:29:12
99,Juegang,32.3174,121.1855,47.91,66,0,4.12,CN,2022-04-02 17:29:46
100,Georgetown,5.4112,100.3354,78.73,93,20,3.44,MY,2022-04-02 17:27:46
101,Hanting,36.7708,119.2108,47.75,48,3,4.76,CN,2022-04-02 17:29:46
102,Kologriv,58.8275,44.3178,29.39,86,100,10.07,RU,2022-04-02 17:29:47
103,Mehamn,71.0357,27.8492,27.01,90,100,23.38,NO,2022-04-02 17:29:47
104,Namatanai,-3.6667,152.4333,77.52,87,100,6.73,PG,2022-04-02 17:29:48
105,Sitka,57.0531,-135.33,44.49,57,75,16.11,US,2022-04-02 17:29:48
106,Busselton,-33.65,115.3333,71.85,73,98,5.5,AU,2022-04-02 17:29:49
107,Chulman,56.8479,124.9104,9.79,96,99,2.64,RU,2022-04-02 17:29:49
108,Upernavik,72.7868,-56.1549,14.16,92,93,12.26,GL,2022-04-02 17:29:50
109,Tiksi,71.6872,128.8694,-5.48,100,99,3.04,RU,2022-04-02 17:29:50
110,Bethel,41.3712,-73.414,50.63,46,0,10.36,US,2022-04-02 17:28:47
111,Port Moresby,-9.4431,147.1797,75.07,82,99,3.6,PG,2022-04-02 17:29:50
112,Mehran,33.1222,46.1646,79.9,14,81,9.22,IR,2022-04-02 17:29:51
113,Tateyama,34.9833,139.8667,49.1,62,100,12.82,JP,2022-04-02 17:29:51
114,Emerald,-23.5333,148.1667,69.94,88,1,5.75,AU,2022-04-02 17:29:52
115,Castrillon,43.3979,-6.7922,46.9,55,33,7.31,ES,2022-04-02 17:29:52
116,Souillac,-20.5167,57.5167,73.78,100,75,3.44,MU,2022-04-02 17:29:52
117,Port Elizabeth,-33.918,25.5701,64.09,91,75,5.75,ZA,2022-04-02 17:29:53
118,Cidreira,-30.1811,-50.2056,71.8,68,5,13.8,BR,2022-04-02 17:29:53
119,Ribeira Grande,38.5167,-28.7,64.8,59,20,10.36,PT,2022-04-02 17:29:54
120,Poykovskiy,61.2333,73.3333,19.69,68,0,0.0,RU,2022-04-02 17:29:54
121,Kavaratti,10.5669,72.642,83.19,71,48,6.06,IN,2022-04-02 17:29:54
122,Zhanakorgan,43.9098,67.2495,61.27,27,0,7.87,KZ,2022-04-02 17:29:55
123,Tasiilaq,65.6145,-37.6368,33.96,95,100,26.42,GL,2022-04-02 17:29:55
124,Nautla,20.2167,-96.7833,80.19,69,98,9.15,MX,2022-04-02 17:29:56
125,Kyabram,-36.3167,145.05,56.88,84,100,11.83,AU,2022-04-02 17:29:56
126,Saurimo,-9.6608,20.3916,69.55,89,68,2.8,AO,2022-04-02 17:29:56
127,Brazzaville,-4.2658,15.2832,75.94,89,100,1.63,CG,2022-04-02 17:29:57
128,Hami,42.8,93.45,55.27,12,46,5.82,CN,2022-04-02 17:29:57
129,Labuan,5.2767,115.2417,79.16,94,20,0.0,MY,2022-04-02 17:29:57
130,Lodja,-3.4833,23.4333,74.17,92,96,3.42,CD,2022-04-02 17:29:58
131,Oksbol,55.6268,8.2876,41.11,59,59,14.63,DK,2022-04-02 17:29:58
132,Yellowknife,62.456,-114.3525,0.28,59,75,4.61,CA,2022-04-02 17:29:59
133,Uaua,-9.8414,-39.4817,87.66,42,100,15.66,BR,2022-04-02 17:29:59
134,Deniliquin,-35.5333,144.9667,57.69,78,100,6.02,AU,2022-04-02 17:30:00
135,Araouane,18.9048,-3.5265,101.05,9,4,7.61,ML,2022-04-02 17:30:00
136,Gornyy,55.1153,83.9059,25.36,95,100,3.0,RU,2022-04-02 17:31:01
137,Mount Gambier,-37.8333,140.7667,53.51,94,79,8.05,AU,2022-04-02 17:31:01
138,La Palma,33.8464,-118.0467,64.81,79,100,6.91,US,2022-04-02 17:29:39
139,Varna,43.2167,27.9167,55.54,85,47,10.36,BG,2022-04-02 17:31:02
140,At-Bashi,41.1702,75.8106,33.06,64,20,2.91,KG,2022-04-02 17:31:02
141,Lebu,-37.6167,-73.65,59.54,94,98,8.48,CL,2022-04-02 17:31:03
142,Fairbanks,64.8378,-147.7164,14.34,50,100,6.91,US,2022-04-02 17:28:52
143,Faanui,-16.4833,-151.75,81.9,72,100,5.66,PF,2022-04-02 17:31:03
144,Waddan,29.1614,16.139,79.7,14,100,12.37,LY,2022-04-02 17:31:04
145,Teya,60.3778,92.6267,2.16,100,86,3.49,RU,2022-04-02 17:31:04
146,Mangrol,21.1167,70.1167,77.63,81,3,6.31,IN,2022-04-02 17:31:04
147,Killarney,52.05,-9.5167,50.05,66,40,12.66,IE,2022-04-02 17:31:05
148,Kontagora,10.3999,5.4695,93.92,19,67,4.5,NG,2022-04-02 17:31:05
149,Vardo,70.3705,31.1107,26.78,70,100,0.87,NO,2022-04-02 17:28:46
150,Mahebourg,-20.4081,57.7,74.25,100,75,3.44,MU,2022-04-02 17:30:30
151,Alofi,-19.0595,-169.9187,71.49,100,94,1.14,NU,2022-04-02 17:31:06
152,Coihaique,-45.5752,-72.0662,51.75,62,100,5.75,CL,2022-04-02 17:28:57
153,Bredasdorp,-34.5322,20.0403,62.24,70,88,13.04,ZA,2022-04-02 17:31:07
154,Le Port,-20.9373,55.2919,75.61,87,100,7.0,RE,2022-04-02 17:31:07
155,Aransas Pass,27.9095,-97.15,81.21,77,0,8.05,US,2022-04-02 17:30:44
156,Mar Del Plata,-38.0023,-57.5575,69.82,60,0,21.0,AR,2022-04-02 17:31:07
157,Chokurdakh,70.6333,147.9167,-4.34,94,100,5.35,RU,2022-04-02 17:31:08
158,Siderno,38.2779,16.302,46.33,73,91,13.42,IT,2022-04-02 17:31:08
159,Irving,32.814,-96.9489,72.77,56,0,12.66,US,2022-04-02 17:29:51
160,Beringovskiy,63.05,179.3167,9.45,95,100,10.56,RU,2022-04-02 17:31:09
161,Cameta,-2.2444,-49.4958,85.17,68,35,7.27,BR,2022-04-02 17:31:09
162,Tutoia,-2.7619,-42.2744,78.51,85,98,4.54,BR,2022-04-02 17:31:10
163,Luderitz,-26.6481,15.1594,63.34,76,0,18.45,NA,2022-04-02 17:31:10
164,Santa Vitoria Do Palmar,-33.5189,-53.3681,70.66,53,72,7.43,BR,2022-04-02 17:30:54
165,Kenora,49.8167,-94.4337,32.97,69,100,8.05,CA,2022-04-02 17:31:11
166,Westport,41.1415,-73.3579,51.89,42,0,9.22,US,2022-04-02 17:30:34
167,Palma,39.5694,2.6502,58.03,35,20,13.8,ES,2022-04-02 17:27:40
168,San Felipe,10.3399,-68.7425,88.68,52,86,8.14,VE,2022-04-02 17:31:12
169,Tuatapere,-46.1333,167.6833,48.4,92,69,3.33,NZ,2022-04-02 17:30:07
170,Podgornoye,51.735,39.1496,53.82,76,75,17.9,RU,2022-04-02 17:31:12
171,Port Hardy,50.6996,-127.4199,42.98,87,100,6.91,CA,2022-04-02 17:31:13
172,Praia,14.9215,-23.5087,77.54,57,20,25.32,CV,2022-04-02 17:31:13
173,Port Lincoln,-34.7333,135.8667,60.08,81,76,10.29,AU,2022-04-02 17:30:26
174,Bonavista,48.6499,-53.1147,37.31,92,97,19.91,CA,2022-04-02 17:31:14
175,Longyearbyen,78.2186,15.6401,1.24,66,20,10.36,SJ,2022-04-02 17:31:14
176,Liverpool,53.4106,-2.9779,49.71,54,40,8.05,GB,2022-04-02 17:28:50
177,Iskateley,67.6803,53.1512,3.0,98,45,6.51,RU,2022-04-02 17:30:40
178,San Ramon,37.7799,-121.978,65.14,66,0,4.61,US,2022-04-02 17:31:15
179,Arman,59.7,150.1667,8.02,79,100,5.97,RU,2022-04-02 17:31:15
180,Petropavlovsk-Kamchatskiy,53.0452,158.6483,23.59,58,75,4.47,RU,2022-04-02 17:31:16
181,Mitsamiouli,-11.3847,43.2844,81.82,74,9,4.18,KM,2022-04-02 17:31:16
182,Omboue,-1.5746,9.2618,76.21,83,100,6.38,GA,2022-04-02 17:32:17
183,Bull Savanna,17.8868,-77.5902,83.21,60,14,18.77,JM,2022-04-02 17:32:17
184,Prince Rupert,54.3161,-130.3201,42.89,75,100,36.82,CA,2022-04-02 17:30:25
185,Price,39.5994,-110.8107,58.12,22,0,4.61,US,2022-04-02 17:32:18
186,Banjar,-8.19,114.9675,76.41,88,90,4.21,ID,2022-04-02 17:32:19
187,Okha,53.5739,142.9478,13.59,94,55,5.39,RU,2022-04-02 17:32:19
188,Svetlogorsk,52.6333,29.7333,32.81,98,100,11.32,BY,2022-04-02 17:32:19
189,Zhangzhou,24.5133,117.6556,57.13,84,100,2.28,CN,2022-04-02 17:32:20
190,Issenye,-2.0,34.3333,63.21,93,91,2.24,TZ,2022-04-02 17:32:20
191,Tinos,37.5375,25.1634,64.02,67,20,5.75,GR,2022-04-02 17:32:21
192,Feodosiya,45.0333,35.3833,51.49,81,0,11.14,UA,2022-04-02 17:32:21
193,Sao Filipe,14.8961,-24.4956,72.1,78,57,9.46,CV,2022-04-02 17:32:22
194,Boueni,-12.9025,45.0761,82.38,70,7,4.05,YT,2022-04-02 17:32:22
195,Dorogobuzh,54.915,33.2972,30.72,96,100,16.62,RU,2022-04-02 17:32:22
196,Zhigansk,66.7697,123.3711,-4.29,100,79,1.39,RU,2022-04-02 17:32:23
197,Xining,36.6167,101.7667,40.28,37,0,1.77,CN,2022-04-02 17:32:23
198,Arraial Do Cabo,-22.9661,-42.0278,80.56,78,75,10.36,BR,2022-04-02 17:32:24
199,Bontang,0.1333,117.5,79.12,83,25,3.02,ID,2022-04-02 17:32:24
200,Aguimes,27.9054,-15.4461,64.65,59,75,4.61,ES,2022-04-02 17:32:24
201,Nelson Bay,-32.7167,152.15,58.08,95,0,8.5,AU,2022-04-02 17:32:25
202,Buala,-8.145,159.5921,79.12,84,95,6.53,SB,2022-04-02 17:32:25
203,Kijang,35.2442,129.2139,44.33,65,19,2.91,KR,2022-04-02 17:32:26
204,West Bay,19.3667,-81.4167,87.87,58,20,11.5,KY,2022-04-02 17:32:26
205,Onega,63.9061,38.1404,16.7,93,96,4.97,RU,2022-04-02 17:32:26
206,Camabatela,-8.1881,15.375,63.5,98,99,2.86,AO,2022-04-02 17:32:27
207,Ukiah,39.1502,-123.2078,66.36,57,0,3.44,US,2022-04-02 17:30:02
208,Banihal,33.4167,75.2,57.38,29,0,5.88,IN,2022-04-02 17:32:27
209,Saint-Quentin,49.8333,3.3333,41.09,72,100,9.46,FR,2022-04-02 17:32:28
210,Gat,31.61,34.7642,76.41,39,100,4.52,IL,2022-04-02 17:32:28
211,Byron Bay,-28.65,153.6167,67.89,90,51,7.0,AU,2022-04-02 17:30:37
212,Manakara,-22.1333,48.0167,72.97,86,0,1.21,MG,2022-04-02 17:32:29
213,Alice Springs,-23.7,133.8833,62.15,42,49,6.91,AU,2022-04-02 17:32:29
214,Esperance,-33.8667,121.9,66.04,54,2,13.8,AU,2022-04-02 17:32:30
215,Talcahuano,-36.7167,-73.1167,60.48,88,100,10.36,CL,2022-04-02 17:32:30
216,Strezhevoy,60.7333,77.5889,18.86,91,78,7.4,RU,2022-04-02 17:32:30
217,Teodoro Sampaio,-22.5325,-52.1675,78.4,64,92,9.13,BR,2022-04-02 17:32:31
218,Bac Lieu,9.285,105.7244,80.28,81,89,16.82,VN,2022-04-02 17:32:31
219,Sipe Sipe,-17.45,-66.3833,75.69,45,34,6.46,BO,2022-04-02 17:32:32
220,Puerto Rico,-26.796,-55.024,80.76,52,30,3.69,AR,2022-04-02 17:32:32
221,Karambakkudi,10.4667,79.1333,82.49,73,39,9.84,IN,2022-04-02 17:32:33
222,Kununurra,-15.7667,128.7333,69.78,78,47,0.0,AU,2022-04-02 17:32:33
223,Andros,37.8333,24.9333,61.36,71,55,21.14,GR,2022-04-02 17:32:34
224,Oranjemund,-28.55,16.4333,59.5,93,4,4.92,NA,2022-04-02 17:31:47
225,The Pas,53.8251,-101.2541,23.02,74,100,5.75,CA,2022-04-02 17:32:34
226,Mustasaari,63.1142,21.6822,33.75,80,20,4.61,FI,2022-04-02 17:32:35
227,Pochutla,15.7432,-96.4661,89.82,25,49,8.48,MX,2022-04-02 17:33:35
228,Xinzhi,36.4989,111.7047,50.23,20,0,3.33,CN,2022-04-02 17:33:35
229,Sechura,-5.5569,-80.8222,83.98,54,75,10.78,PE,2022-04-02 17:33:36
230,Deputatskiy,69.3,139.9,-20.72,100,96,1.72,RU,2022-04-02 17:33:36
231,Hambantota,6.1241,81.1185,80.31,78,20,5.95,LK,2022-04-02 17:33:37
232,Champerico,14.3,-91.9167,91.94,59,8,11.86,GT,2022-04-02 17:33:37
233,Lorengau,-2.0226,147.2712,78.24,83,100,3.96,PG,2022-04-02 17:33:38
234,Kiunga,-6.1219,141.2906,71.94,97,98,1.95,PG,2022-04-02 17:33:38
235,Zabid,14.1951,43.3152,83.59,59,2,3.62,YE,2022-04-02 17:33:38
236,Hay River,60.8156,-115.7999,-2.22,71,75,6.91,CA,2022-04-02 17:29:04
237,Fort-Shevchenko,44.5086,50.263,54.91,51,19,24.32,KZ,2022-04-02 17:33:39
238,Torbay,47.6666,-52.7314,43.57,92,100,23.02,CA,2022-04-02 17:30:24
239,Victoria,22.2855,114.1577,61.32,67,100,8.01,HK,2022-04-02 17:29:49
240,Agirish,61.9247,63.0231,7.03,95,76,0.56,RU,2022-04-02 17:33:40
241,Rocha,-34.4833,-54.3333,73.35,41,0,9.42,UY,2022-04-02 17:33:40
242,Katsuura,35.1333,140.3,51.6,65,100,10.22,JP,2022-04-02 17:33:40
243,Coquimbo,-29.9533,-71.3436,58.73,82,100,6.91,CL,2022-04-02 17:29:50
244,Skjervoy,70.0311,20.9714,32.0,64,99,3.85,NO,2022-04-02 17:33:41
245,Komsomolskiy,40.4272,71.7189,63.32,42,8,0.0,UZ,2022-04-02 17:33:41
246,Clyde River,70.4692,-68.5914,14.23,85,100,8.05,CA,2022-04-02 17:33:42
247,Darhan,49.4867,105.9228,40.86,29,28,8.12,MN,2022-04-02 17:33:42
248,Labuhan,-6.8844,112.2051,78.46,78,100,6.46,ID,2022-04-02 17:33:43
249,Katherine,-14.4667,132.2667,70.12,64,37,4.61,AU,2022-04-02 17:33:43
250,Bemidji,47.4736,-94.8803,37.06,84,100,12.66,US,2022-04-02 17:33:43
251,Saskylakh,71.9167,114.0833,0.66,97,99,9.69,RU,2022-04-02 17:33:44
252,Bathsheba,13.2167,-59.5167,84.81,61,40,27.63,BB,2022-04-02 17:33:44
253,Zemio,5.0314,25.1361,82.33,45,95,4.29,CF,2022-04-02 17:33:45
254,Fort Nelson,58.8053,-122.7002,8.19,66,75,2.3,CA,2022-04-02 17:30:23
255,High Level,58.5169,-117.136,5.11,78,75,4.61,CA,2022-04-02 17:33:45
256,Lyubymivka,46.8106,33.5686,51.96,74,77,13.91,UA,2022-04-02 17:33:46
257,Oarai,36.3167,140.6,43.34,62,98,1.97,JP,2022-04-02 17:33:47
258,Kyren,51.6828,102.1408,32.38,63,63,5.17,RU,2022-04-02 17:33:47
259,Vanavara,60.34,102.2797,8.46,93,100,5.5,RU,2022-04-02 17:33:47
260,Bundaberg,-24.85,152.35,67.21,96,40,3.44,AU,2022-04-02 17:33:48
261,Coslada,40.4238,-3.5613,52.2,33,0,35.99,ES,2022-04-02 17:33:48
262,Boyolangu,-8.1181,111.8935,75.74,90,98,0.81,ID,2022-04-02 17:33:49
263,Kuminskiy,58.6667,66.5667,22.68,96,100,5.03,RU,2022-04-02 17:33:49
264,Talnakh,69.4865,88.3972,7.21,97,100,3.98,RU,2022-04-02 17:33:49
265,Maicao,11.3832,-72.2432,90.09,49,76,15.23,CO,2022-04-02 17:33:50
266,Morro Bay,35.3658,-120.8499,67.24,50,38,1.99,US,2022-04-02 17:33:50
267,Mulchen,-37.7167,-72.2333,73.26,29,82,6.02,CL,2022-04-02 17:33:51
268,Olafsvik,64.8945,-23.7142,41.43,96,100,18.1,IS,2022-04-02 17:33:51
269,Ginir,7.1333,40.7,61.75,61,91,1.28,ET,2022-04-02 17:33:52
270,Varzea Da Palma,-17.5981,-44.7308,93.72,26,8,8.34,BR,2022-04-02 17:33:52
271,Pisco,-13.7,-76.2167,71.02,73,0,8.05,PE,2022-04-02 17:33:52
272,Takoradi,4.8845,-1.7554,82.8,78,93,10.74,GH,2022-04-02 17:33:53
273,Deoria,26.5047,83.7872,81.99,49,0,4.92,IN,2022-04-02 17:33:53
274,Huarmey,-10.0681,-78.1522,75.36,71,83,11.72,PE,2022-04-02 17:33:54
275,Militello In Val Di Catania,37.2748,14.7934,50.88,76,40,14.97,IT,2022-04-02 17:34:54
276,Xuddur,4.1213,43.8894,89.08,30,92,10.76,SO,2022-04-02 17:34:55
277,Fremont,37.5483,-121.9886,67.6,68,0,3.44,US,2022-04-02 17:34:55
278,Biak,-0.9131,122.8766,75.94,88,100,7.61,ID,2022-04-02 17:34:56
279,Margate,51.3813,1.3862,44.31,58,24,8.01,GB,2022-04-02 17:30:34
280,College,64.8569,-147.8028,15.08,47,75,6.91,US,2022-04-02 17:34:56
281,San Pedro,14.35,121.0167,79.83,71,20,5.75,PH,2022-04-02 17:34:57
282,Dahra,36.2546,0.8519,52.99,53,31,7.74,DZ,2022-04-02 17:34:57
283,Thinadhoo,0.5333,72.9333,83.12,67,8,2.71,MV,2022-04-02 17:34:58
284,Moranbah,-22.0016,148.0466,70.54,82,3,7.05,AU,2022-04-02 17:34:58
285,Haines Junction,60.7522,-137.5108,26.55,63,88,1.14,CA,2022-04-02 17:34:58
286,Kirakira,-10.4544,161.9205,76.89,90,100,3.69,SB,2022-04-02 17:34:59
287,Cabinda,-5.55,12.2,82.54,83,40,6.91,AO,2022-04-02 17:31:34
288,Remedios,22.4947,-79.5458,86.92,59,2,12.17,CU,2022-04-02 17:34:59
289,Jiazi,22.8779,116.067,55.62,85,100,9.95,CN,2022-04-02 17:35:00
290,Yulara,-25.2406,130.9889,62.44,36,3,9.22,AU,2022-04-02 17:35:00
291,Farsund,58.0948,6.8047,43.95,60,43,17.69,NO,2022-04-02 17:35:01
292,Kavieng,-2.5744,150.7967,76.6,89,100,6.08,PG,2022-04-02 17:35:01
293,Broome,42.2506,-75.833,44.19,56,75,4.0,US,2022-04-02 17:35:02
294,Kerman,30.2832,57.0788,67.86,17,0,6.91,IR,2022-04-02 17:35:02
295,Umm Kaddadah,13.6017,26.6876,85.75,10,10,12.82,SD,2022-04-02 17:35:02
296,Linhares,-19.3911,-40.0722,86.68,55,47,6.38,BR,2022-04-02 17:31:10
297,Huntsville,34.7304,-86.5861,58.68,56,100,4.61,US,2022-04-02 17:32:34
298,Dwarka,22.2394,68.9678,78.94,73,0,8.12,IN,2022-04-02 17:35:03
299,Srivardhan,18.0333,73.0167,78.98,72,100,4.59,IN,2022-04-02 17:35:04
300,Mattru,7.6244,-11.8332,72.37,93,100,7.14,SL,2022-04-02 17:35:04
301,Chiang Khong,20.2613,100.4046,62.76,71,18,3.67,TH,2022-04-02 17:35:05
302,New Iberia,30.0035,-91.8187,77.05,56,0,9.22,US,2022-04-02 17:35:05
303,Te Anau,-45.4167,167.7167,46.98,85,29,0.56,NZ,2022-04-02 17:35:06
304,Grand Gaube,-20.0064,57.6608,74.37,92,100,7.0,MU,2022-04-02 17:35:06
305,Tulun,54.5611,100.5792,31.69,90,100,12.48,RU,2022-04-02 17:35:07
306,Sao Joao Da Barra,-21.6403,-41.0511,87.89,69,6,10.2,BR,2022-04-02 17:35:07
307,Bubaque,11.2833,-15.8333,75.51,71,19,21.59,GW,2022-04-02 17:35:07
308,Bandarbeyla,9.4942,50.8122,79.63,79,17,6.69,SO,2022-04-02 17:35:08
309,Richards Bay,-28.783,32.0377,71.96,94,83,6.02,ZA,2022-04-02 17:35:09
310,Laredo,27.5064,-99.5075,73.69,73,100,8.05,US,2022-04-02 17:30:24
311,Pangnirtung,66.1451,-65.7125,23.0,86,40,12.66,CA,2022-04-02 17:35:09
312,Buraydah,26.326,43.975,84.65,9,84,11.05,SA,2022-04-02 17:33:32
313,Acapulco,16.8634,-99.8901,84.07,51,54,8.14,MX,2022-04-02 17:31:49
314,Beni Mazar,28.4962,30.8029,82.74,7,71,11.5,EG,2022-04-02 17:35:10
315,Gardiner,44.2301,-69.7753,48.56,47,0,17.27,US,2022-04-02 17:31:59
316,Tuy Hoa,13.0833,109.3,72.07,81,96,17.94,VN,2022-04-02 17:35:11
317,Lundin Links,56.2124,-2.953,45.97,65,0,5.75,GB,2022-04-02 17:35:11
318,Camacha,33.0833,-16.3333,62.02,63,20,11.5,PT,2022-04-02 17:35:12
319,Evensk,61.95,159.2333,11.26,80,98,11.68,RU,2022-04-02 17:35:12
320,Karaton,-6.3424,106.1045,74.7,94,76,4.18,ID,2022-04-02 17:36:13
321,Bilibino,68.0546,166.4372,-2.27,90,98,3.47,RU,2022-04-02 17:34:25
322,Sioux Lookout,50.1001,-91.917,35.67,69,100,9.22,CA,2022-04-02 17:36:14
323,Shache,38.4167,77.2406,61.07,22,100,2.53,CN,2022-04-02 17:36:14
324,Invercargill,-46.4,168.35,53.64,81,76,11.16,NZ,2022-04-02 17:36:15
325,Vestmannaeyjar,63.4427,-20.2734,45.59,100,100,13.8,IS,2022-04-02 17:36:15
326,Bima,-8.4667,118.7167,74.93,92,31,2.75,ID,2022-04-02 17:36:16
327,Maun,-19.9833,23.4167,75.16,73,0,1.14,BW,2022-04-02 17:36:16
328,Cauquenes,-35.9671,-72.3225,78.31,29,5,5.37,CL,2022-04-02 17:36:17
329,Daru,-9.0763,143.2092,76.8,85,100,3.06,PG,2022-04-02 17:36:17
330,Dibulla,11.2725,-73.3091,85.82,64,79,9.13,CO,2022-04-02 17:36:17
331,Norashen,39.9996,44.5895,54.93,42,26,2.59,AM,2022-04-02 17:36:18
332,Chickasha,35.0526,-97.9364,66.51,67,0,8.05,US,2022-04-02 17:36:18
333,Barcelos,41.5388,-8.6151,61.92,51,0,4.68,PT,2022-04-02 17:36:19
334,Severo-Kurilsk,50.6789,156.125,27.45,69,100,28.41,RU,2022-04-02 17:36:19
335,Villa Corona,20.4167,-103.6833,82.33,11,74,3.38,MX,2022-04-02 17:36:20
336,Antipino,57.1068,65.7576,28.69,97,100,9.28,RU,2022-04-02 17:36:20
337,Orange Cove,36.6244,-119.3137,73.62,48,43,3.89,US,2022-04-02 17:34:59
338,Leshukonskoye,64.8989,45.7622,14.65,94,75,2.98,RU,2022-04-02 17:36:21
339,Pasighat,28.0667,95.3333,70.77,83,37,3.49,IN,2022-04-02 17:36:21
340,Normandin,48.8333,-72.5321,30.51,51,15,12.66,CA,2022-04-02 17:36:22
341,Harduaganj,27.95,78.1667,82.62,7,0,2.91,IN,2022-04-02 17:36:22
342,Burns Lake,54.2331,-125.7533,36.82,64,80,6.35,CA,2022-04-02 17:36:23
343,Tura,25.5198,90.2201,72.66,85,33,2.28,IN,2022-04-02 17:36:23
344,Eyl,7.9803,49.8164,79.75,76,27,10.49,SO,2022-04-02 17:36:23
345,Luganville,-15.5333,167.1667,76.75,91,100,6.6,VU,2022-04-02 17:36:24
346,Krutinka,56.0055,71.5113,31.44,99,100,9.31,RU,2022-04-02 17:36:24
347,Flin Flon,54.7682,-101.865,24.64,68,75,4.61,CA,2022-04-02 17:36:25
348,Kompaniyivka,48.2511,32.208,48.56,83,98,8.08,UA,2022-04-02 17:36:25
349,Laguna,38.421,-121.4238,71.08,53,0,12.66,US,2022-04-02 17:34:05
350,Bavly,54.393,53.2602,37.54,100,100,7.36,RU,2022-04-02 17:36:26
351,Altay,47.8667,88.1167,34.48,50,89,9.06,CN,2022-04-02 17:36:26
352,Sept-Iles,50.2001,-66.3821,39.72,67,75,14.97,CA,2022-04-02 17:36:27
353,Teguldet,57.3064,88.1667,12.83,97,79,2.39,RU,2022-04-02 17:36:27
354,Constitucion,-35.3333,-72.4167,64.99,61,4,14.07,CL,2022-04-02 17:36:27
355,Tula,54.2044,37.6111,34.48,100,100,10.29,RU,2022-04-02 17:36:28
356,Mayo,38.8876,-76.5119,56.1,46,0,13.8,US,2022-04-02 17:33:20
357,Mogadishu,2.0371,45.3438,81.9,81,69,17.07,SO,2022-04-02 17:36:28
358,Wukari,7.85,9.7833,93.13,21,96,4.0,NG,2022-04-02 17:36:29
359,Mayumba,-3.432,10.6554,77.65,83,98,4.05,GA,2022-04-02 17:36:29
360,Kruisfontein,-34.0033,24.7314,61.88,90,69,9.82,ZA,2022-04-02 17:36:30
361,Gunnedah,-30.9833,150.25,55.8,59,43,1.32,AU,2022-04-02 17:36:30
362,Murgab,37.4966,61.9714,67.87,42,75,6.91,TM,2022-04-02 17:36:31
363,Wageningen,51.9667,5.6667,41.92,60,100,8.05,NL,2022-04-02 17:36:31
364,Skala,50.2305,19.8536,31.08,94,100,3.44,PL,2022-04-02 17:36:31
365,Itarema,-2.9248,-39.9167,79.99,83,87,9.57,BR,2022-04-02 17:36:32
366,Kargasok,59.0556,80.8572,8.06,95,19,5.19,RU,2022-04-02 17:36:32
367,Shahr-E Kord,32.3256,50.8644,49.77,20,0,6.91,IR,2022-04-02 17:36:33
368,Santiago,-33.4569,-70.6483,80.29,25,0,12.66,CL,2022-04-02 17:37:26
369,Roald,62.5833,6.1333,39.76,93,40,13.8,NO,2022-04-02 17:37:33
370,Seoul,37.5683,126.9778,38.64,73,0,3.44,KR,2022-04-02 17:33:06
371,Victor Harbor,-35.5667,138.6167,58.14,81,83,6.62,AU,2022-04-02 17:37:34
372,Laurencekirk,56.8334,-2.4654,42.67,79,93,2.33,GB,2022-04-02 17:37:34
373,Hurghada,27.2574,33.8129,91.44,11,0,0.0,EG,2022-04-02 17:35:30
374,Cockburn Town,21.4612,-71.1419,78.01,76,0,16.93,TC,2022-04-02 17:37:35
375,Odweyne,9.4092,45.064,77.9,47,56,14.05,SO,2022-04-02 17:37:35
376,Pemba,-12.974,40.5178,83.1,83,40,5.75,MZ,2022-04-02 17:37:36
377,Atbasar,51.8,68.3333,28.27,86,96,9.69,KZ,2022-04-02 17:37:36
378,Makubetsu,45.3714,141.8211,38.03,85,18,16.84,JP,2022-04-02 17:37:37
379,Lasa,46.6166,10.7002,34.68,94,100,7.54,IT,2022-04-02 17:37:37
380,Rapid City,44.0805,-103.231,55.45,32,0,8.05,US,2022-04-02 17:33:10
381,Tayu,-6.5397,111.0518,77.41,80,98,3.76,ID,2022-04-02 17:37:38
382,Borogontsy,62.6683,131.1683,7.52,95,93,7.76,RU,2022-04-02 17:37:38
383,Trinidad,-14.8333,-64.9,78.78,47,28,5.75,BO,2022-04-02 17:34:50
384,Poum,-20.2333,164.0167,81.68,82,100,12.48,NC,2022-04-02 17:36:24
385,Sulangan,11.1373,123.7228,80.4,81,89,15.75,PH,2022-04-02 17:37:39
386,Katangli,51.7102,143.2326,21.88,87,43,11.97,RU,2022-04-02 17:37:40
387,Ballina,-28.8667,153.5667,67.96,93,62,5.19,AU,2022-04-02 17:37:40
388,Oktyabrskoye,43.0645,44.7417,62.74,39,57,4.47,RU,2022-04-02 17:37:41
389,Chuy,-33.6971,-53.4616,68.99,57,51,7.96,UY,2022-04-02 17:37:41
390,East London,-33.0153,27.9116,63.54,100,75,3.44,ZA,2022-04-02 17:37:41
391,Namibe,-15.1961,12.1522,71.51,83,91,8.12,AO,2022-04-02 17:37:42
392,Abha,18.2164,42.5053,69.62,28,0,8.05,SA,2022-04-02 17:37:42
393,Honiara,-9.4333,159.95,76.28,86,77,2.93,SB,2022-04-02 17:37:43
394,Cuamba,-14.8031,36.5372,69.37,96,48,2.28,MZ,2022-04-02 17:37:43
395,Juneau,58.3019,-134.4197,40.21,90,75,20.71,US,2022-04-02 17:37:43
396,Matagami,49.7502,-77.6328,37.51,56,0,12.66,CA,2022-04-02 17:37:44
397,Mahibadhoo,3.7833,72.9667,83.32,68,73,0.69,MV,2022-04-02 17:37:45
398,Medina,24.4686,39.6142,93.63,4,0,9.22,SA,2022-04-02 17:34:51
399,Najran,17.4924,44.1277,75.85,14,2,5.73,SA,2022-04-02 17:37:45
400,Kaliua,-5.0606,31.7936,72.1,74,95,2.86,TZ,2022-04-02 17:37:46
401,Mildura,-34.2,142.15,62.56,67,100,6.91,AU,2022-04-02 17:37:46
402,Miranda,3.2499,-76.2281,82.53,66,71,3.02,CO,2022-04-02 17:37:46
403,Katobu,-4.9408,122.5276,73.69,93,88,1.01,ID,2022-04-02 17:37:47
404,Diplo,24.4667,69.584,79.63,53,0,11.18,PK,2022-04-02 17:37:47
405,Campbell River,50.0163,-125.2446,45.93,87,75,11.5,CA,2022-04-02 17:37:48
406,Iqaluit,63.7506,-68.5145,26.33,86,75,6.91,CA,2022-04-02 17:37:48
407,Carndonagh,55.25,-7.2667,43.02,76,43,5.06,IE,2022-04-02 17:37:48
408,Port-Cartier,50.0334,-66.8654,39.42,82,99,20.11,CA,2022-04-02 17:37:49
409,Saint Augustine,29.8947,-81.3145,73.49,92,100,6.91,US,2022-04-02 17:37:49
410,Quixeramobim,-5.1992,-39.2928,84.4,61,98,2.51,BR,2022-04-02 17:37:50
411,Nisia Floresta,-6.0911,-35.2086,85.01,66,71,12.57,BR,2022-04-02 17:33:45
412,Inta,66.0317,60.1659,8.46,93,90,8.77,RU,2022-04-02 17:37:50
413,Along,28.1667,94.7667,66.27,96,26,1.77,IN,2022-04-02 17:37:51
414,Vila Do Maio,15.1333,-23.2167,77.79,80,47,17.27,CV,2022-04-02 17:35:30
415,Sire,12.9299,5.2043,94.44,5,100,7.87,NG,2022-04-02 17:38:51
416,Murud,18.3258,72.965,78.84,71,100,3.76,IN,2022-04-02 17:38:52
417,Kashi,39.4547,75.9797,61.81,33,100,0.0,CN,2022-04-02 17:38:52
418,Kloulklubed,7.0419,134.2556,75.7,75,100,4.52,PW,2022-04-02 17:34:35
419,Hofn,64.2539,-15.2082,45.46,70,100,7.11,IS,2022-04-02 17:38:52
420,Vigrestad,58.5667,5.7,40.59,78,63,19.08,NO,2022-04-02 17:38:53
421,San Lazaro,18.0387,-88.6622,91.81,43,48,12.03,BZ,2022-04-02 17:38:53
422,Sao Felix Do Xingu,-6.6447,-51.995,88.34,58,16,4.32,BR,2022-04-02 17:35:20
423,Norman Wells,65.282,-126.8329,-12.96,58,20,6.91,CA,2022-04-02 17:38:54
424,Uruguaiana,-29.7547,-57.0883,75.13,60,0,11.5,BR,2022-04-02 17:38:05
425,Trojes,41.756,19.962,48.69,87,88,5.86,AL,2022-04-02 17:38:54
426,Novi Bilokorovychi,51.1155,28.0546,33.55,98,100,7.31,UA,2022-04-02 17:38:55
427,Samarai,-10.6167,150.6667,78.87,82,98,7.67,PG,2022-04-02 17:38:55
428,Husavik,66.0449,-17.3389,37.8,91,100,4.25,IS,2022-04-02 17:38:56
429,Suba,10.8438,121.0102,82.56,76,81,23.53,PH,2022-04-02 17:38:56
430,Bataipora,-22.2953,-53.2711,77.7,64,82,7.23,BR,2022-04-02 17:38:56
431,Mount Isa,-20.7333,139.5,76.77,27,75,10.36,AU,2022-04-02 17:38:57
432,Sirnak,37.5228,42.4594,52.45,52,12,5.28,TR,2022-04-02 17:38:57
433,La Paz,-16.5,-68.15,57.18,66,75,6.91,BO,2022-04-02 17:38:58
434,Poso,-1.3959,120.7524,77.65,79,97,4.34,ID,2022-04-02 17:38:58
435,Cartagena Del Chaira,1.3349,-74.8429,76.35,94,99,4.5,CO,2022-04-02 17:38:58
436,Bengkulu,-3.8004,102.2655,76.89,81,96,4.63,ID,2022-04-02 17:38:59
437,Vao,-22.6667,167.4833,78.89,88,100,20.11,NC,2022-04-02 17:38:59
438,Shemordan,56.1856,50.3972,31.48,98,100,10.29,RU,2022-04-02 17:39:00
439,Henties Bay,-22.116,14.2845,62.02,81,2,7.94,NA,2022-04-02 17:39:00
440,Auki,-8.7676,160.7034,76.35,87,94,4.43,SB,2022-04-02 17:39:00
441,General Roca,-39.0333,-67.5833,84.61,15,14,13.6,AR,2022-04-02 17:39:01
442,Ndele,8.4109,20.6473,89.62,15,83,2.82,CF,2022-04-02 17:39:01
443,Caluquembe,-13.7833,14.6833,63.32,92,100,2.42,AO,2022-04-02 17:39:02
444,Nyurba,63.2842,118.3319,-5.85,100,67,3.4,RU,2022-04-02 17:39:02
445,Andahuaylas,-13.6556,-73.3872,59.09,87,75,6.78,PE,2022-04-02 17:39:03
446,Olinda,-8.0089,-34.8553,85.73,66,20,11.5,BR,2022-04-02 17:39:03
447,Morbegno,46.1383,9.57,48.38,87,92,6.13,IT,2022-04-02 17:39:04
448,Kotido,2.9806,34.1331,78.67,47,88,20.49,UG,2022-04-02 17:39:04
449,Sisimiut,66.9395,-53.6735,32.97,86,42,4.29,GL,2022-04-02 17:39:05
450,Miandrivazo,-19.5167,45.4667,76.82,77,6,1.54,MG,2022-04-02 17:39:05
451,Ribas Do Rio Pardo,-20.4431,-53.7592,77.9,68,87,7.25,BR,2022-04-02 17:39:05
452,Kudahuvadhoo,2.6708,72.8944,83.17,67,50,1.03,MV,2022-04-02 17:39:06
453,Mazamari,-11.3258,-74.5308,82.27,56,94,2.44,PE,2022-04-02 17:39:07
454,Alekseyevka,50.6309,38.6903,57.33,66,59,20.94,RU,2022-04-02 17:39:07
455,Hashtrud,37.4779,47.0508,56.71,39,23,4.38,IR,2022-04-02 17:39:08
456,Grindavik,63.8424,-22.4338,46.87,100,100,20.71,IS,2022-04-02 17:39:08
457,Marzuq,14.4,46.4667,72.05,39,4,6.17,YE,2022-04-02 17:39:10
458,Belyy Yar,53.6039,91.3903,38.86,93,40,13.42,RU,2022-04-02 17:39:10
459,Paraiso,9.8383,-83.8656,79.88,56,89,3.49,CR,2022-04-02 17:39:11
460,Geraldton,-28.7667,114.6,73.81,94,100,5.75,AU,2022-04-02 17:40:12
461,Ondjiva,-17.0667,15.7333,66.45,93,100,5.91,AO,2022-04-02 17:40:12
462,Wilmington,34.2257,-77.9447,69.94,51,0,8.05,US,2022-04-02 17:35:21
463,Nizhniy Odes,63.6445,54.856,8.47,95,88,2.77,RU,2022-04-02 17:40:13
464,Natchitoches,31.7668,-93.1335,74.25,52,75,0.0,US,2022-04-02 17:40:13
465,Post Falls,47.718,-116.9516,47.39,86,100,8.05,US,2022-04-02 17:40:14
466,Ossora,59.2353,163.0719,21.97,92,100,12.91,RU,2022-04-02 17:40:14
467,Cihuatlan,19.2366,-104.5651,86.52,38,84,9.26,MX,2022-04-02 17:40:15
468,Roebourne,-20.7833,117.1333,81.9,74,35,9.93,AU,2022-04-02 17:40:15
469,Portobelo,9.55,-79.65,90.95,73,63,10.38,PA,2022-04-02 17:40:15
470,Baykit,61.67,96.37,7.14,98,99,3.2,RU,2022-04-02 17:40:16
471,Kyrylivka,46.3759,35.3675,49.71,82,0,20.45,UA,2022-04-02 17:40:16
472,Vila Franca Do Campo,37.7167,-25.4333,61.21,64,13,5.68,PT,2022-04-02 17:40:17
473,Saint George,37.1041,-113.5841,69.8,27,0,3.44,US,2022-04-02 17:36:41
474,Vilyuysk,63.7553,121.6247,-3.08,100,100,2.01,RU,2022-04-02 17:40:17
475,Rancho Palos Verdes,33.7445,-118.387,62.44,86,100,4.61,US,2022-04-02 17:40:18
476,Tumut,-35.3,148.2167,53.28,95,100,0.67,AU,2022-04-02 17:35:38
477,Khuzdar,27.7384,66.6434,72.57,10,0,4.25,PK,2022-04-02 17:40:19
478,Caconda,-13.7333,15.0667,63.18,94,99,4.0,AO,2022-04-02 17:40:19
479,Aljezur,37.3191,-8.8033,60.03,50,100,1.28,PT,2022-04-02 17:40:20
480,Peniche,39.3558,-9.3811,57.56,54,100,15.32,PT,2022-04-02 17:40:20
481,Berdigestyakh,62.0989,126.6992,21.72,96,100,6.04,RU,2022-04-02 17:40:21
482,Cache Creek,50.8101,-121.3246,39.92,62,96,1.7,CA,2022-04-02 17:40:21
483,Rosarito,32.3333,-117.0333,61.63,78,93,7.43,MX,2022-04-02 17:40:22
484,Paamiut,61.994,-49.6678,34.61,87,96,2.1,GL,2022-04-02 17:40:22
485,Yar-Sale,66.8333,70.8333,3.49,93,39,8.72,RU,2022-04-02 17:40:23
486,Banda Aceh,5.5577,95.3222,80.08,81,98,5.61,ID,2022-04-02 17:40:23
487,Quatre Cocos,-20.2078,57.7625,74.08,86,100,16.91,MU,2022-04-02 17:40:24
488,Praia Da Vitoria,38.7333,-27.0667,64.65,72,20,12.86,PT,2022-04-02 17:40:24
489,Boca Do Acre,-8.7522,-67.3978,85.6,51,95,2.15,BR,2022-04-02 17:40:25
490,Ferme-Neuve,46.7001,-75.4493,37.11,60,85,7.61,CA,2022-04-02 17:40:25
491,Salalah,17.0151,54.0924,82.49,74,0,2.3,OM,2022-04-02 17:37:42
492,Walvis Bay,-22.9575,14.5053,61.75,77,10,8.05,NA,2022-04-02 17:40:26
493,Ostrovnoy,68.0531,39.5131,18.82,87,100,14.88,RU,2022-04-02 17:40:26
494,Port Blair,11.6667,92.75,82.44,78,40,3.44,IN,2022-04-02 17:40:27
495,Maceio,-9.6658,-35.7353,87.24,51,20,9.22,BR,2022-04-02 17:36:26
496,Riyadh,24.6877,46.7219,84.34,11,23,9.08,SA,2022-04-02 17:39:56
497,Harper,4.375,-7.7169,80.58,83,100,7.7,LR,2022-04-02 17:40:28
498,Ust-Maya,60.4167,134.5333,16.97,96,95,5.03,RU,2022-04-02 17:40:28
499,Pacific Grove,36.6177,-121.9166,60.21,91,100,3.0,US,2022-04-02 17:40:29
500,Dan Khun Thot,15.2085,101.7714,61.11,86,100,12.84,TH,2022-04-02 17:40:29
501,Ancud,-41.8697,-73.8203,50.23,73,99,18.66,CL,2022-04-02 17:40:30
502,Dungarpur,23.8333,73.7167,86.09,13,4,8.32,IN,2022-04-02 17:40:30
503,Mullovka,54.2,49.4,39.02,100,100,8.55,RU,2022-04-02 17:40:31
504,Ilulissat,69.2167,-51.1,33.82,64,20,2.3,GL,2022-04-02 17:40:31
505,Isparta,38.0,31.0,48.49,56,27,15.59,TR,2022-04-02 17:41:32
506,Bakchar,57.0186,82.0711,14.92,97,100,0.4,RU,2022-04-02 17:41:32
507,Phalombe,-15.8064,35.6507,67.48,96,37,3.24,MW,2022-04-02 17:41:33
508,Kulebaki,55.4133,42.5325,33.37,98,100,7.85,RU,2022-04-02 17:41:33
509,Beroroha,-21.6667,45.1667,78.31,54,65,2.1,MG,2022-04-02 17:41:34
510,Vengerovo,55.6848,76.7471,28.74,98,100,7.99,RU,2022-04-02 17:41:34
511,Zuwarah,32.9312,12.082,59.63,73,1,17.67,LY,2022-04-02 17:41:34
512,Arraias,-12.9288,-46.9437,90.66,24,3,6.82,BR,2022-04-02 17:41:35
513,Green Bay,44.5192,-88.0198,37.76,91,100,8.05,US,2022-04-02 17:41:36
514,Faya,18.3851,42.4509,69.91,20,2,8.39,SA,2022-04-02 17:41:36
515,Luziania,-16.2525,-47.9503,86.97,32,4,6.58,BR,2022-04-02 17:41:36
516,Manokwari,-0.8667,134.0833,79.09,80,100,5.32,ID,2022-04-02 17:41:37
517,Killybegs,54.6333,-8.45,47.91,65,67,12.84,IE,2022-04-02 17:41:37
518,Ostrov,57.3439,28.3537,35.33,75,99,7.76,RU,2022-04-02 17:41:37
519,Oranjestad,12.524,-70.027,85.95,62,40,23.02,AW,2022-04-02 17:40:46
520,Santa Maria,-29.6842,-53.8069,74.5,57,20,9.22,BR,2022-04-02 17:41:38
521,Ajdabiya,30.7554,20.2263,73.81,24,100,7.27,LY,2022-04-02 17:41:38
522,Pyaozerskiy,65.8333,31.1667,24.06,84,100,9.22,RU,2022-04-02 17:41:39
523,Chambersburg,39.9376,-77.6611,50.41,45,38,1.99,US,2022-04-02 17:39:24
524,Datong,40.0936,113.2914,39.78,28,1,4.36,CN,2022-04-02 17:41:39
525,Sur,22.5667,59.5289,82.67,38,13,5.79,OM,2022-04-02 17:36:51
526,Belmonte,-15.8631,-38.8828,83.34,62,30,6.93,BR,2022-04-02 17:41:40
527,Polewali,-3.4324,119.3435,76.26,84,100,2.73,ID,2022-04-02 17:41:40
528,Kutum,14.2,24.6667,81.64,7,76,11.74,SD,2022-04-02 17:41:41
529,Lethem,3.3803,-59.7968,94.33,38,97,12.77,GY,2022-04-02 17:41:41
530,Ambilobe,-13.2,49.05,73.44,95,8,2.21,MG,2022-04-02 17:41:42
531,Veinticinco De Mayo,-35.4323,-60.1727,72.99,45,0,15.01,AR,2022-04-02 17:41:42
532,Leningradskiy,69.3833,178.4167,-12.28,99,100,8.25,RU,2022-04-02 17:41:42
533,Moroni,-11.7022,43.2551,80.53,79,14,1.66,KM,2022-04-02 17:41:43
534,Xingcheng,40.6167,120.7167,43.48,67,0,9.33,CN,2022-04-02 17:41:43
535,Nara,34.6851,135.8049,48.49,66,100,4.36,JP,2022-04-02 17:41:44
536,Timiryazevskiy,56.49,84.8769,27.55,86,100,2.86,RU,2022-04-02 17:41:44
537,Saint-Joseph,-21.3667,55.6167,75.58,97,100,15.14,RE,2022-04-02 17:41:44
538,Neiafu,-18.65,-173.9833,81.75,75,51,12.01,TO,2022-04-02 17:41:45
539,De-Kastri,51.4667,140.7833,25.9,86,95,4.56,RU,2022-04-02 17:41:45
540,Tawala,9.5542,123.7696,79.97,81,100,12.3,PH,2022-04-02 17:41:46
541,Noumea,-22.2763,166.4572,82.99,99,99,11.14,NC,2022-04-02 17:39:27
542,Ambon,-3.6954,128.1814,78.94,83,40,4.61,ID,2022-04-02 17:41:46
543,Pundaguitan,6.3711,126.1689,79.2,82,100,9.28,PH,2022-04-02 17:41:47
544,Klyuchi,52.2667,79.1667,34.74,95,100,5.79,RU,2022-04-02 17:38:11
545,Puerto Maldonado,-12.6,-69.1833,79.2,53,0,5.75,PE,2022-04-02 17:41:47
546,Adrar,20.5022,-10.0711,94.21,9,9,15.28,MR,2022-04-02 17:41:48
547,Soe,-9.8607,124.284,62.51,90,11,3.78,ID,2022-04-02 17:41:48
548,Mugumu,-1.85,34.7,61.41,91,85,3.38,TZ,2022-04-02 17:41:49
549,Hue,16.4667,107.6,64.51,100,75,10.36,VN,2022-04-02 17:41:49
550,Sunrise Manor,36.2111,-115.0731,80.82,22,0,5.01,US,2022-04-02 17:37:12
551,Washougal,45.5826,-122.3534,53.15,81,100,3.44,US,2022-04-02 17:42:50
552,Nkhotakota,-12.9274,34.2961,74.23,82,30,3.31,MW,2022-04-02 17:42:50
553,Caravelas,-17.7125,-39.2481,84.07,59,13,8.28,BR,2022-04-02 17:42:51
554,Moron,-34.6534,-58.6198,73.02,53,0,10.31,AR,2022-04-02 17:42:51
555,Abu Kamal,34.4506,40.9171,77.92,15,9,13.44,SY,2022-04-02 17:42:51
556,Porto Santo,33.072,-16.3415,64.78,59,20,11.5,PT,2022-04-02 17:42:52
557,Kolyvan,55.3053,82.7391,33.42,96,100,1.57,RU,2022-04-02 17:42:52
558,Ust-Nera,64.5667,143.2,-7.55,99,98,1.5,RU,2022-04-02 17:42:53
559,Celica,-4.1167,-79.95,69.8,77,81,5.35,EC,2022-04-02 17:42:54
560,Hovd,48.0056,91.6419,38.93,32,100,6.91,MN,2022-04-02 17:42:54
561,Leh,34.1667,77.5833,28.78,60,63,3.02,IN,2022-04-02 17:42:55
562,Iwaki,37.05,140.8833,32.77,76,50,4.12,JP,2022-04-02 17:42:55
563,Alvarado,18.7667,-95.7667,80.1,70,69,9.46,MX,2022-04-02 17:42:55
564,Kilindoni,-7.9139,39.6668,82.36,75,15,10.58,TZ,2022-04-02 17:42:56
565,Garden Acres,37.9638,-121.2294,67.15,59,0,10.36,US,2022-04-02 17:42:56
566,Mareeba,-17.0,145.4333,70.52,98,83,2.06,AU,2022-04-02 17:42:57
567,Vostok,46.4856,135.8833,19.92,84,8,6.8,RU,2022-04-02 17:42:57
568,San Vicente,-26.6167,-54.1333,75.06,56,57,2.1,AR,2022-04-02 17:42:58
569,Magadan,59.5667,150.8,7.54,82,100,5.7,RU,2022-04-02 17:42:58
570,Sabang,5.8933,95.3214,82.09,74,100,6.93,ID,2022-04-02 17:42:58
571,Macas,-2.3167,-78.1167,73.15,83,75,5.75,EC,2022-04-02 17:42:59
572,Comodoro Rivadavia,-45.8667,-67.5,71.46,33,0,13.8,AR,2022-04-02 17:42:15
573,Vila,42.0304,-8.1588,49.08,38,0,7.74,PT,2022-04-02 17:42:59
574,Cairns,-16.9167,145.7667,75.15,88,89,1.14,AU,2022-04-02 17:43:00
575,Atlantic City,39.3643,-74.4229,55.18,35,0,4.61,US,2022-04-02 17:40:43
576,La Rioja,42.25,-2.5,35.38,90,100,8.03,ES,2022-04-02 17:43:00
577,Pijijiapan,15.7011,-93.23,93.96,39,2,11.32,MX,2022-04-02 17:43:01
578,Zhezkazgan,47.8043,67.7144,48.27,48,20,5.39,KZ,2022-04-02 17:43:01
579,Utrecht,52.0,5.25,42.04,55,91,5.01,NL,2022-04-02 17:39:08
580,Fortuna,40.5982,-124.1573,55.92,75,20,13.8,US,2022-04-02 17:43:02
581,Tiarei,-17.5333,-149.3333,80.62,76,95,11.99,PF,2022-04-02 17:43:02
582,Brae,60.3964,-1.353,40.75,75,91,18.03,GB,2022-04-02 17:43:03
583,Houma,29.5958,-90.7195,72.0,91,75,8.05,US,2022-04-02 17:38:27
584,Santa Cruz,-17.8,-63.1667,78.85,38,20,5.75,BO,2022-04-02 17:43:04
585,Florida,28.7505,-82.5001,80.58,94,100,13.8,US,2022-04-02 17:39:01
586,Ngaoundere,7.3167,13.5833,79.23,13,36,5.03,CM,2022-04-02 17:43:04
587,Bintulu,3.1667,113.0333,77.41,94,20,1.14,MY,2022-04-02 17:43:05
